question_id,type_id,titles,options,Knowledge_id
0,6,为了迎接体育中考 很多男生加强了引体向上的训练 如果想粗 测量某位同学引体向上运动的功率时 下列物理量不需要测量的是,小明的质量 单杠的高度每次身体上升的高度 做引体向上的时间,29
1,6,弦乐器在使用一段时间后需请调音师进行调音 调音师通过调节弦的长度将琴音调准 在此过程中调音师改变了琴弦的,响度 音调 音色 振幅,21
2,6,下列示例中 不属于利用声能传递信息的是,用声呐探测海底深度用超声波清洗眼镜医生用听诊器为病人检查身体听到隆隆的雷声预示着可能要下雨,22
3,2,2017年4月 我国国产直升机ac311a成功试飞 直升机能停留在空中 是因为旋转的机翼对空气施加了向下的力 根据物体间力的作用是 空气对机翼也施加了向上的力 所以直升机能够停留在空中 另外 我国国产大飞机c919于5月也完成了首飞 客机在飞行时 机翼上表面空气流速大 压强 因此获得向上的升力,,18
4,3,为了研究弹簧受到拉力作用时 其伸长量与弹簧自身因素的关系 郑能同学选择了如下器材 弹簧测力计 弹簧a b c d 其中弹簧a c由同种金属丝绕制而成 弹簧b d由另一种金属丝绕制而成 a b原来的长度均为l <sub> 0 < sub> c d原来的长度均为l <sub> 0 < sub> ′ 且a b c d的横截面均相同 实验操作如下 他将弹簧a b c d的左端固定 并分别用水平向右的力通过测力计拉伸弹簧 它们的长度各自增加了△l <sub> 1 < sub> △l <sub> 2 < sub> △l <sub> 3 < sub> 和△l <sub> 4 < sub> 如图a b c d所示 请仔细观察实验现象 对a b实验作比较 再对c d作比较 可以得到在弹簧自身因素 相同的条件下 再使它们 相同 弹簧的伸长量与 有关,,11
5,6,两支用后没甩过的体温计 示数都是38℃ 用它们分别测量体温37 5℃和38 5℃的两个病人 这两支温度计的示数分别是,37 5℃和38 5℃ 37 5℃和38℃ 38℃和38℃ 38℃和38 5℃,1
6,3,正在流通的一元硬币是由什么金属制成的呢 为了解决这个疑惑 小明和小丽决定测量一元硬币材料的密度 小明的实验做法 如图甲所示 用刻度尺和三角板测出硬币的直径为 cm 再将10枚相同的一元硬币紧叠在一起用刻度尺测出总厚度 计算出硬币的总体积 然后 用天平测量这10枚硬币的总质量 平衡时右盘所加砝码及游码的位置如图乙所示 由测量可得10枚硬币的总质量为 g 最后根据密度公式ρ=m/v计算出硬币材料的密度 小明测得硬币的密度比真实值 选填 大 或 小 简述理由 小丽的设计方案 先用细线将1枚一元硬币系好 用图丙所示的弹簧测力计测出硬币的重力g <sub> 1 </sub> 然后 将弹簧测力计吊着的硬币浸没水中 读出这时测力计的示数为g <sub> 2 </sub> ①硬币的密度可表示为ρ= 已知水的密度为ρ <sub> 水 </sub> 用所测量的符号表示 ②小丽的设计方案 选填 能 或 不能 测出硬币的密度 你判断的理由是,,5
7,6,两次用不同大小的力分别拨动如图所示的锯条 它能用来研究乐音特征中的 img,响度 音色 音调 以上都可以,21
8,2,在 地面上的圆形光斑是什么 活动中 小柯看到树荫下的水平地面上有圆形的光斑 这圆形光斑是通过小孔成的像 为什么圆形光斑呈椭圆形 小柯思考后终于想通了 并推断这个像在台州的水平地面上不可能是正圆形 一年当中最接近正圆形的是在 填 夏至 或 冬至 日正午的时候,,23
9,2,声音在空气中的传播速度约为340m/s 若你呼喊与你相距640m远的某同学 约需 s他才能听到你的喊声 水下的海豚能听到驯兽员的哨声 花样游泳运动员在水下能听到音乐声 垂钓人的说话声会吓跑要上钩的鱼 说明,,20
10,6,把盛水的试管放在正在加热的沸水中如图 则试管里的水,能达到沸点 能沸腾 达不到沸点 不能沸腾能达到沸点 不能沸腾 无法确定,3
11,6,关于温度计下列说法不正确的是,常见的温度计都是用水银作测温物质体温计的测量范围是35℃～42℃普通温度计不能离开被测物体观察温度常用液体温度计是根据液体热胀冷缩的原理制成的,1
12,1,在图中 根据给出的反射光线ob 画出入射光线ao 并标出入射角的度数,,25
13,6,如图所示 在探究液体压强特点的过程中 将压强计的探头放在水中 下列做法能够使压强计u形管两边液面的高度差减小的是,将探头向下移动一段距离将探头向上移动一段距离将探头在原位置转动180°将探头放在同样深度的食盐水中,16
14,3,小明同学在 探究影响浮力大小的因素 的实验中 在弹簧测力计下悬挂一圆柱体 当圆柱体下表面与水面相平时开始缓慢下降 直到与烧杯底接触为止 溢出的水全部流入小桶中 如图甲所示 圆柱体浸没在水中后所受浮力f <sub> 浮 < sub> = n 比较b c两图可得 浸在同一种液体中的物体受到浮力的大小跟 有关 比较 两图可得 当圆柱体浸没在水中继续下沉的过程中 受到的浮力不变 为了验证阿基米德原理 还需要再完成的实验步骤是测量 比较对应时刻 浮力与圆柱体排开水的重力 的大小是否相等 完成如图甲所示的实验后 仅将水换成另一种液体重复上述实验 根据实验数据绘制出如图乙所示的弹簧测力计示数f与物体下降高度h的f-h图象 物体浸没在该种液体中受到的浮力f <sub> 浮 < sub> ′= n 实验表明 浸在液体里的物体受到的浮力大小还跟 有关 由图乙还可获得的信息 写出一条即可,,19
15,3,某同学在探究 物体的质量跟体积的关系 的实验中 下表是这位同学设计的记录实验数据的表格 将表格填写完整 不同物体 质量m/g 体积v/cm <sub> 3 </sub> ① 铁块1 79 10 7 9 铁块2 158 20 7 9 铁块3 237 30 7 9 铝块1 54 20 2 7 铝块2 108 40 2 7 铝块3 60 2 7 由实验可得的结论,,5
16,3,为了研究弹簧受到拉力作用时 其伸长量与弹簧自身因素的关系 郑能同学选择了如下器材 弹簧测力计 弹簧a b c d 其中弹簧a c由同种金属丝绕制而成 弹簧b d由另一种金属丝绕制而成 a b原来的长度均为l <sub> 0 < sub> c d原来的长度均为l <sub> 0 < sub> ′ 且a b c d的横截面均相同 实验操作如下 他将弹簧a b c d的左端固定 并分别用水平向右的力通过测力计拉伸弹簧 它们的长度各自增加了△l <sub> 1 < sub> △l <sub> 2 < sub> △l <sub> 3 < sub> 和△l <sub> 4 < sub> 如图a b c d所示 请仔细观察实验现象 对a b实验作比较 再对c d作比较 可以得到在弹簧自身因素 相同的条件下 再使它们 相同 弹簧的伸长量与 有关,,11
17,4,取一根吸管 在离吸管末端三分之一处 剪一水平切口p 从切口处折弯吸管 把吸管放进水里 让切口离水面约2-3cm 用力吹气 如图所示 发现切口处有水沿水平方向喷出 请你运用科学知识解释此现象形成的原因,,18
18,2,游泳运动员在平静的水面下看到游泳池边岸上的物体变 选填 高 或 矮 了 这是由于光从空气斜射入水中时 折射光线 选填 靠近 或 远离 法线偏折的原因,,25
19,6,在如图所示的滑轮组装置中 所挂重物的重力g=50 n 当施加在绳子自由端的拉力为f=30 n时 重物恰好匀速上升 绳重及一切摩擦均可忽 不计 由此可知,该装置的机械效率为60% 该装置的机械效率为55 6%该装置中动滑轮重为5n 该装置中动滑轮重为10n,29
20,6,如图所示的简单机械 忽 各种摩擦及杠杆和滑轮的重力 当提起相同重物时 最省力的是,,15
21,3,小张的妈妈在大渡口区某商场金店购买了一款金饰品 买回家后 感觉拿在手里较轻 看外观做工精致 成色很好 于是想是不是内部掺了假 可没有缝隙看不到内部结构 刚学完密度知识的小张准备测量它的密度 于是找来同学小华一起借助实验室的器材按下面的步骤进行实验 已知ρ <sub> 金 </sub> =19 3g/cm <sub> 3 </sub> 把托盘天平放在水平桌面上 发现分度盘指针如图甲所示 他应将右端的平衡螺母向 调 选填 左 或 右 使横梁在水平位置平衡 将金饰品放在左盘中 右盘增减砝码 准备移动游码时小华才发现游码没在零刻度处 如图甲 而是刚好距零刻度线一小格的位置处 小张认识到了错误的操作 两人讨论后 认为不必重新调平衡也可测出正确的质量 于是将游码直接移动 当天平再次平衡时 所用砝码和游码位置如图乙所示 则金饰品的质量应为 g 如图丙所示 用细线拴好金饰品轻放入量筒中 然后往量筒中倒入适量的水后再取出饰品 则金饰品的体积为 cm <sub> 3 </sub> 则金饰品的密度为 g/cm <sub> 3 </sub> 适量的水 的含义是 小张用这种方法测出的密度与它的真实值相比 是偏大还是偏小 若不考虑步骤e的因素 小张根据测出的密度与金的密度不等而得出金饰品不是纯金做的结论 此结论 选填 可靠 与 不可靠 理由是,,5
22,2,小刚坐在向东行驶的汽车里 若以路边的树木为参照物 小刚是 的 若以驾驶员为参照物 小刚是 的,,6
23,6,下列有关误差的说法中 正确的是,误差就是错误多次测量求平均值可以消除误差选用精密的仪器可以避免误差只用测量就不可避免的出现误差,7
24,5,一辆在水平路面上沿直线匀速行驶的货车 行驶时所受的阻力为车总重的0 1倍 货车 含驾驶员 空载时重为2 5*10 <sub> 4 < sub> n 求货车空载行驶时所受的阻力大小 求货车以36km h的速度空载匀速行驶时 10s内货车牵引力做的功 当货车以90kw的额定功率 90km h的速度匀速行驶时 求货车最多可装载多重的货物,,29
25,2,甲在一根足够长的自来水管的一端用力敲一下 乙在另一端听到三次敲击声 第一次听到的声音是 传播来的 第三次听到的声音是 传播来的,,20
26,6,如图所示 小鸟静止在树枝上 则,小鸟受到的重力与树枝受到的重力是一对平衡力 小鸟受到的重力与小鸟对树枝的压力是一对平衡力 小鸟受到的重力与树枝对小鸟的支持力是一对平衡力 小鸟对树枝的压力与树枝对小鸟的支持力是一对平衡力,10
27,2,取一个瓶子 装上适量带色的水 取一根两端开口 有刻度的细玻璃管 使玻璃管穿过橡皮塞插入水中 密闭瓶口 从管子上端吹入少量气体 水将沿玻璃管上升到瓶口以上 如图所示 这是由于瓶内气体压强 选填 大于 等于 或 小于 大气压强 拿着这个瓶子从楼底到楼顶 不用手直接拿瓶子 玻璃管内水柱高度将 选填 升高 不变 或 降低,,17
28,6,某同学在记录测量结果时忘记写单位 试判断下列哪个数据的单位是 厘米,一支铅笔的直径是7 1 茶杯的高度是11 2物理书的长度是2 52 他自己的身高是16 75,7
29,2,一支刻度均匀 但示数不准的温度计 用它来测1个标准大气压下水的沸点温度 它的示数是110℃ 放在冰水混合液中时 它的示数为-2℃ 若用这支温度计测教室里的温度 示数为26℃ 则教室里的实际温度是 ℃ 当温度计示数为 ℃时 它指示的就是实际温度,,1
30,6,王飞同学加热某固体物质使其熔化 下表记录了加热过程中温度随时间变化的情况 下列说法正确的是,该物质是一种非晶体 该物质从开始熔化到完全熔化大约持续4min 该物质的熔点是80℃ 该物质加热到 钟时是液态,2
31,5,图甲所示是工人利用滑轮组从竖直深井中提取泥土的情形 所用动滑轮和筐受到的总重力为20n 某次操作中 将重423n的泥土以0 4m s的速度匀速提起 在此过程中工人的拉力f所做的功随时间变化的图象如图乙所示 细绳的质量忽 不计 g取10n kg 求 拉力f做功的功率 利用该装置提升泥土的机械效率 在提起泥土上升3m的过程中 拉力f克服摩擦力做的功,,29
32,6,如图所示 一条形磁铁静止在水平地面上 铁球静止在水平放置的磁铁的上方 下列 正确的是,铁球受到的重力与磁铁对铁球的支持力是一对平衡力铁球受到的重力与磁铁对铁球的支持力是一对相互作用力磁铁受到的重力与地面对磁铁的支持力是一对平衡力磁铁和铁球受到的重力与地面对磁铁的支持力是一对平衡力,10
33,6,影响声音音调的因素是声源的,频率 材料 振幅 结构,21
34,3,小荣探究 重力的大小跟质量的关系 按照图甲所示 把钩码逐个挂在弹簧测力计上 分别测出它们受到的重力 并记录在下面的表格中 质量m g 100 200 300 500 重力g n 1 2 3 4 5 把表格中的空格填写完整 根据表格中的实验数据 在图乙中画出重力与质量的关系图象 在图中画出钩码静止时受到的力的示意图 由图象可得结论,,12
35,6,甲 乙两个实心正方体放在细沙面上 沙面凹陷程度如图所示 则,甲的质量一定比乙大 甲的质量一定比乙小 甲的密度一定比乙大 甲的密度一定比乙小,16
36,3,小王做了如图所示两个实验 如甲图 将一个乒乓球对着漏斗的细管处 对准漏斗细管口用力向下吹气 乒乓球紧贴在漏斗上 乙图中 将一纸条放在嘴边 用力从纸条上方吹气 纸条就飘起来 以上两个实验表明气体流动时 流速大的地方压强 流速小的地方压强 填 大 或 小,,18
37,3,物理课上 王老师利用传感器为同学们做 探究流体压强与流速的关系 的演示实验 装置如图甲所示 装置中a b c三节直径不同的塑料管连接在一起 右端与吹风机的尾部相连 当用吹风机抽气时 在同一时间内 通过每个管子的气体量相同 则细管内气体流速比粗管内气体流速 选填 大 或 小 将三个气体压强传感器探头分别插入三节管中 传感器与电脑相连 打开吹风机抽气时 电脑屏幕如图乙所示 已知①②③三条图线分别对应粗细不同的三节管中气体压强随时间变化的情况 由图像可知 平稳流动的气体 流速大处压强 图线③反映的是装置中 塑料管的气体压强随时间变化的情况 选填 a b 或 c 当王老师将抽气的吹风机调换挡位后 图像中①②③三条图线出现了下移 由此可以判断三节管中气体的流速 选填 增大 或 减小 实验后同学们继续研究了飞机机翼的形状 它上表面弯曲 下表面较平直 当飞机前进时 机翼上 下方气体流速不同 机翼上 下表面就存在着,,18
38,6,如图所示 小亮在暗室中用手电筒照射挂在白色墙上的小镜子 这是他看到被照射部分,墙是白色的 镜子是黑色的 墙是黑色的 镜子是白色的墙和镜子都是黑色的 墙和镜子都是白色的,26
39,6,关于小孔成像的下列说法 正确的是,小孔成像是由于光的直线传播形成的 小孔成的像是正立的实像 小孔成的像是倒立的虚像 小孔成的像不是实际光线会聚而成的,23
40,2,电视画面的颜色是由 三种色条合成的 其遥控器发出的光是 当不把遥控器对准电视机的控制窗口时 按一下按纽有时也可以控制电视 其原因是光的 过量的 照射对人体十分有害 轻则使皮肤粗糙 重则引起皮肤癌,,26
41,3,小闻和小宁想测石块的密度 器材有 天平 砝码 烧杯 足量的水 胶头滴管 他们经过思考 进行下面的操作 小闻把天平放在水平桌面上 将 调到标尺左端的零刻线处 如果此时指针偏向分度盘中线的左侧 应向 调节平衡螺母 使天平平衡 用调节好的天平称石块的质量 右盘中的砝码和标尺上的游码如图甲所示 则石块的质量为 g 为了测石块体积 他们进行了如图乙所示的实验操作 a 烧杯中装有适量的水 标记好水面的位置 测得烧杯和水的总质量为103g b 将石块放入装水的烧杯中 倒出超过标记处的水 并用胶头滴管调节使水面恰好在标记处 测出此时烧杯 水 石块全部的质量为145g c 通过计算 石块的密度为 kg/m <sub> 3 </sub> 实验结束后 他们进行讨论 若b操作中倒出水后 水面还高于标记处 这样的情况下测出的密度值将 选填 偏大 或 偏小,,5
42,6,用图象可以表示物体的运动规律 如图是甲 乙两物体由同一地点出发 沿同一路线到达同一目的地的运动时间和路程的关系图象 从图象 得出的下述结论中正确的是,两物体同时出发 甲先到达 甲 乙两物体从始至终都是做匀速直线运动 运动过程中 甲的平均速度大于乙的平均速度 全过程中 两物体的平均速度相等,8
43,6,关于体温计和实验室温度计的区别 下列说法中错误的是,体温计与实验温度计的区别仅是长度不同体温计内有一细管 温度计没有细管使用体温计前 需要用力甩动 把液体甩到35℃以下 普通温度计不能甩动使用体温计测量体温后 可离开身体读数 普通温度计不能离开被测物体,1
44,5,今年元旦 小奇乘车从莆田汽车站到湄洲岛文甲码头 在车站她看到了自己所乘客车的时刻表如下所示 发车站 目的站 发车时间 距离 到达时间 莆田汽车站 文甲码头 07 30 45km 09 30 根据时刻表 客车从莆田汽车站到达文甲码头站 全程的平均速度是多大 客车在公路上行驶的过程中 小奇看到了如图所示的标志牌 在遵守交通规则的前提下 从标志处到达文甲码头站 至少需要多少时间,,8
45,6,如图所示 甲 乙两个小球分别放在两个容器中处于静止状态 此时容器中液体深度不同 但液体对容器底部的压强相同 则,甲球的密度大于乙球的密度 甲球的密度等于乙球的密度 甲球的密度小于乙球的密度 无法判断哪个球的密度大,5
46,2,2013年5月20日 美国南部地区遭遇巨型龙卷风侵袭 龙卷风的实质是高速旋转的气流 它能 吸入 物体是由于龙卷风内部空气流速 填 大于 或 小于 外部空气流速 所以龙卷风内部的压强 填 大于 或 小于 外部压强,,18
47,2,目前 青少年近视现象十分严重 近视眼看远处物体时 物体的像落在视网膜的 填 前方 或 后面 需要佩带对光线有 作用的 透镜进行矫正 使远处物体在视网膜上成倒立 的实像 在甲乙两幅示意图中 矫正近视眼的是 填 甲 或 乙,,28
48,3,某同学用如图所示的实验装置探究阻力对物体运动的影响 他在水平台面上分别铺上不同材料 让同一小车从斜面上的同一高度由静止滑下 在小车停下的位置分别做上标记a b c ①用同一小车从同一斜面的同一高度由静止滑下是为了使小车到达水平面时小车的 初速度相同 ②若水平面上铺的材料种类是毛巾 木板 棉布 则标记c是小车在 表面下停下的位置 ③对上述实验进行 并进一步推理 如果运动的物体在没有受到力的作用时 将 ④若在水平面铺上同种材料 让同一小车从不同高度由静止滑下 则还可以探究小车 的关系 选填下列选项的序号 a 重力势能与质量 b 动能与速度 c 动能与质量,,9
49,6,用一端封闭的足够长的玻璃管做托里拆利实验时 下列哪种情况会影响管内水银柱的高度,改变玻璃管的粗细 少许改变管的倾斜程度改变水银槽内水银面的高低 玻璃管内漏进少许空气,17
50,2,弹簧测力计挂着一重为3n的物体 物体浸没并静止在水中 如图所示 物体 img 所受浮力是 如果测力计拉着物体的绳断开 在水中会 选填 下沉 上浮 悬浮 判断的依据是,,19
51,2,白光被分解成多种色光的现象叫光的 彩色电视画面的颜色是由 三基色 光组成的 如果一个物体能反射所有色光 则该物体呈现 色,,26
52,6,下列估测中 最接近实际的是,一个苹果的质量是150g 一元硬币的直径是1cm 初中女生100m赛跑所用时间约为1min 河北省夏季的最高气温约为25℃,7
53,6,某同学用体温计测量自己体温为35℃ 所测温度低于实际温度其原因可能是,体温计本身刻度不准体温计置于腋下的时间不够长体温计未与身体直接接触没有及时读出体温计显示的数值,1
54,6,游泳时手和脚向后划水的力和水向前推手和脚的力 在力的三要素上,大小 方向都相同 作用点不同 完全相同大小相同 方向和作用点都不同 作用点相同 大小 方向都不同,9
55,6,下列说法不正确的是,近视镜片中间薄 边缘厚 是凹透镜照相机拍摄物体所成的像是倒立的实像近视眼不戴眼镜时成的像在视网膜的前面用望远镜观察远处的物体 物镜成的是放大的像,28
56,6,如图所示 一根弹簧 一端固定在竖直墙上 在弹性限度内用手水平向右拉伸弹簧另一端 下列有关 弹簧形变产生的力 描述正确的是,手对弹簧的拉力 弹簧对手的拉力墙对弹簧的拉力 以上说法都正确,11
57,6,全国大学生皮划艇锦标赛于2016年10月15日-16日在丽水南明湖举行 如图是比赛时的场景 下列 不正确的是,运动员用桨划水时 桨相当于杠杆皮划艇前进时 以水为参照物运动员是静止的运动员用浆向后划水时 水对桨施加向前的作用力用力划水能使皮划艇加速前进 说明力能改变物体的运动状态,14
58,2,如图1所示 小华用刻度尺测出寿山石的长度为 cm 接着用天平测量寿山石的质量 在调节天平时 发现指针偏向如图2甲所示 此时应将平衡螺母向 选填 左 或 右 端调 称量过程中 又发现指针偏向分度盘的左侧 他应在右盘 选填 增加 或 减小 砝码 天平平衡时右盘砝码的质量 游码在标尺上的位置如图2乙所示 那么寿山石的质量为 g 再测出它的体积为20cm <sub> 3 </sub> 则该寿山石的密度是 g/cm <sub> 3 </sub>,,5
59,6,下列关于凸透镜对光的会聚作用的理解不正确的是,凸透镜能使平行于主光轴的光线会聚于焦点任何一束光线通过凸透镜后都将会聚于一点凸透镜使能够会聚的光线提前会聚凸透镜能使发散的光线减小发散,27
60,2,如图所示 向两张纸中间吹气 纸会相互靠拢 这个现象说明 气体中流速越大的位置 压强越 选填 大 或 小,,18
61,6,如图是眼睛的成像光路 下列说法正确的是,甲是近视眼 应戴凸透镜眼镜 乙是远视眼 应戴凹透镜眼镜甲是远视眼 应戴凸透镜眼镜 乙是近视眼 应戴凹透镜眼镜甲是远视眼 应戴凹透镜眼镜 乙是近视眼 应戴凸透镜眼镜甲是近视眼 应戴凹透镜眼镜 乙是远视眼 应戴凸透镜眼镜,28
62,6,有关光现象 以下说法正确的是,当我们迎着月光走在有水的路面时 地上暗处是光的镜面反射现象美丽的湖面 波光粼粼 这是由于光的漫反射引起的在平静的湖面上可以看到蓝天白云是由于光的折射形成的通过汽车后视镜观察到后面的景物 这是光的折射现象,25
63,2,已知ρ <sub> 水 < sub> =1 0*10kg m <sub> 3 < sub> ρ <sub> 冰 < sub> =0 9*10 <sub> 3 < sub> kg m <sub> 3 < sub> 体积为1m <sub> 3 < sub> 的水全部凝固成冰后 冰的重力为 n 水凝固成冰后体积 选填 变大 变小 或 不变,,12
64,6,有一根竖直吊着的弹簧 如果在弹簧下端挂上质量为m <sub> 1 < sub> 的物体后 弹簧长度为l <sub> 1 < sub> 如果在弹簧下端挂上质量为m <sub> 2 < sub> 的物体后 弹簧长度为l <sub> 2 < sub> 则弹簧原来的长度为 m <sub> 1 < sub> ＜m <sub> 2 < sub> 上述过程弹簧均处于弹性限度内,l <sub> 1 < sub> +l <sub> 2 < sub> l <sub> 2 < sub> -l <sub> 1 < sub> \frac{{l} {1}{m} {2} {l} {2}{m} {1}}{{m} {2} {m} {1}} \frac{{l} {2}{m} {2} {l} {1}{m} {1}}{{m} {2} {m} {1}},11
65,3,同学们在学习 阿基米德原理 这节课上 仔细观察了老师所做的演示实验 如图甲所示 课后复习时 物理兴趣小组的同学们 经过反复地思考 讨论 提出了对该实验的改进意见 并动手制作出了如图乙所示的实验装置 其中a b为两个规格相同的弹簧测力计 c为重物 d为薄塑料袋 质量不计 e是用废弃的大号饮料瓶 带孔橡皮塞以及弯曲玻璃管自制的溢水杯 杯中加入红色的水 f是升降平台 摇动手柄 可使平台高度缓慢上升 下降 g为铁架台 实验中 同学们逐渐调高平台f 使重物浸入水中的体积越来越大 观察到弹簧测力计a的示数 弹簧测力计b的示数 前两空填 增大 减小 或 不变 比较弹簧测力计a的示数变化量f <sub> a < sub> ′和弹簧测力计b的示数变化量f <sub> b < sub> ′ 它们的大小关系是f <sub> a < sub> ′ 填 ＞ ＜ 或 = f <sub> b < sub> ′ 通过 你认为应提醒兴趣小组的同学在操作时要注意什么问题 请写出两条 ① ② 对比甲 乙两图的两组实验 改进后的实验与原实验比较有哪些优点 请写出两条 ① ②,,19
66,2,小龙同学利用 一个厚玻璃瓶 带孔的橡皮塞 细玻璃管和带颜色的水制成一个简易的气压计 如图所示 他将玻璃瓶从一楼的实验室拿到五楼的教室 观察到细玻璃管中水面 选填 上升 或 下降 这一现象说明了大气压随高度增加而,,17
67,6,如图所示 分别用f <sub> 1 < sub> f <sub> 2 < sub> f <sub> 3 < sub> f <sub> 4 < sub> 匀速提升同一重物 若不计滑轮自身的重力及摩擦 则,f <sub> 1 < sub> =f <sub> 2 < sub> ＞f <sub> 3 < sub> =f <sub> 4 < sub> f <sub> 1 < sub> ＞f <sub> 2 < sub> ＞f <sub> 3 < sub> ＞f <sub> 4 < sub> f <sub> 1 < sub> =f <sub> 2 < sub> ＞f <sub> 3 < sub> ＞f <sub> 4 < sub> f <sub> 1 < sub> =f <sub> 2 < sub> ＞f <sub> 4 < sub> ＞f <sub> 3 < sub>,15
68,3,在 探究凸透镜成像规律 的实验中 如图甲所示 一束平行于凸透镜主光轴的光射向凸透镜 前后调节光屏的位置 直至在光屏上形成了一个 的光斑 此时如图甲所示 则凸透镜的焦距为 cm 小芳将蜡烛 凸透镜 光屏依次放在光具座上 点燃蜡烛后 实验中出现了如图乙所示的情形 要使像成在光屏的中央 应将光屏向 上 或 下 调整 把烛焰放在距此凸透镜60cm处时如图丙所示 在凸透镜另一侧移动光屏 会在光屏上得到一个倒立 的实像 选填 放大 缩小 或 等大 在上述实验的基础上 将蜡烛向远离透镜方向移动 要在光屏上得到清晰的像应将光屏 透镜 选填 远离 或 靠近 物体到像的距离会 选填 变大 或 变小 或 不变,,27
69,6,在 探究凸透镜成像规律的实验 中 小红调节蜡烛 凸透镜和光屏的位置 在光屏上成清晰的像如图所示 下列说法正确的是 img,教学中使用的投影仪 电源放映机都是利用了图中的成像规律 如果把蜡烛与光屏对调 光屏出现清晰缩小的像 凸透镜位置不动 如果使蜡烛向左移动 光屏需要向右移动才能接收到清晰的像 如果在原凸透镜位置换上移焦距更小的凸透镜 光屏不动 为在光屏上接收到清晰的像 应将蜡烛适当向右移动,27
70,6,生活处处有物理 留心观察皆学问 对以下现象解释正确的是,把酒精擦在手背上 手背感觉很凉爽 是因为酒精蒸发要吸收热量 初冬季节 在家里洗澡时发现房间里充满 白气 这 白气 是水蒸气 放在衣橱里的樟脑丸 时间久了会明显变小 是因为樟脑丸蒸发为气体跑掉了 在夏季的早晨看到足球场里的草叶上挂满了露珠 而到了初冬 露水不见了 却看到了薄薄的一层霜 可见 霜是由露变成的,3
71,2,在北京某科技馆内 有一个风洞实验室 一架模型飞机固定在托盘测力计上 示数单位为n 无风时 托盘测力计示数为13n 当迎面吹着飞机的风速达到15m s时 托盘测力计的示数如图所示 可以判定飞机又受到了一个力的作用 根据你的 飞机受到的该力大小为 n 方向,,10
72,6,一刻度均匀的温度计放在冰水混合物中时 示数为10℃ 用它测一个标准大气压下沸水的温度时 读数是90℃ 若用它来测得温水的温度为70℃ 则温水的实际温度应为,55℃ 75℃ 50℃ 80℃,1
73,2,飞机获得向上的升力是由于飞机机翼上方为 型 选填 凹 或 凸 上方空气流速 压强 下方空气流速 压强 这个压强差就形成了飞机的升力,,18
74,2,如图 滑轮重及摩擦不计 提升的重物重均为g 则f <sub> 1 < sub> = f <sub> 2 < sub> = f <sub> 3 < sub> = f <sub> 4 < sub> =,,15
75,2,如图是农村曾用的舂米工具的结构示意图 杆ab可绕o点转动 杆右端均匀柱形物体的长度与杆右侧的ob相等地 杆ab的重力不计 柱形物体较重 制作舂米工具时 为了使作用在a点的力f更小 在其它条件相同时 只改变支点o点的位置 应将o点更靠近 端 若作用在a点的动力f方向始终与杆垂直 则杆从水平位置缓慢转动45°角的过程中 动力f大小的变化是,,14
76,6,生活中我们经常使用体温计 下列关于体温计的说法中正确的是,它的分度值是1℃ 它不能离开被测物体读数 它是根据液体热胀冷缩的规律制成的 它可以放置在沸腾的水中高温消毒,1
77,3,小明用弹簧测力计 圆柱体 两个相同的圆柱形容器 分别装有一定量的水和盐水 对浸在液体中的物体所受的浮力进行了探究 其装置和弹簧测力计示数如图所示 图甲 乙 丙 说明浮力的大小与 有关 为了探究浮力大小与物体浸没在液体中的深度有无关系 可选用 图的装置来进行操作 圆柱体浸没在水中时受到的浮力是 n 圆柱体的体积是 m <sub> 3 < sub> g取l0n kg 用图示实验数据测出盐水的密度是 kg m <sub> 3 < sub>,,19
78,5,在探究 物体的质量与体积之间的关系 时 小明同学把收集到的数据填入下表 但他漏填了第二次测量的质量和体积 其质量和体积的读数如图中所示 请你帮他完成下表 实验次数 测量对象 质量m/g 体积v/cm <sub> 3 </sub> 质量/体积g/cm <sub> 3 </sub> 1 铁块1 46 8 6 7 80 2 铁块2 3 铁块3 156 20 7 80 4 塑料块1 7 5 6 1 25 5 塑料块2 12 5 10 1 25 6 塑料块3 25 20 1 25 表格中的数据 可以得出的结论是 写出一个 小明与其他同学交流后 发现从表中的数据可以看出 由同种物质组成的不同物体其质量与体积之间存在一个关系 其表达式为,,5
79,2,气象部门实施人工降雨时用火箭将碘化银洒向云层 碘化银吸附水汽 加速水蒸气 形成小水滴 或加速水蒸气 形成冰晶 下落过程中冰晶遇到热空气 形成小水滴 均填物态变化名称,,3
80,6,关于透镜 下列说法正确的是,凸透镜对光有会聚作用 通过凸透镜的光线一定会聚到焦点上放在凹透镜焦点上的点光源 它发出的光线经透镜折射后平行主光轴不论是凸透镜还是凹透镜 经过透镜光心的光线方向都不变凸透镜有两个虚焦点 凹透镜有两个实焦点,27
81,2,将太阳光通过三棱镜后 用一个白屏来承接 在白屏形成一条彩色的光带 这个现象称为光的 现象 白屏上的彩色光带可分辨出七种颜色的可见光 科学研究发现 除了这七种颜色的可见光 还有两种人看不见的光它们是,,26
82,2,有些跑车在车尾安装了一种 气流偏导器 如图由于 气流偏导器 上表面平直 下表面呈弧形凸起 当跑车高速行驶时 流过它上方的空气速度比下方空气速度 选填 大或小 此时 上方空气压强比下方空气压强 选填 大或小 这样 气流偏导器 受到一个向 选填 上或下 的压力差 从而使车轮抓紧地面,,18
83,2,12月8日凌晨 一枚携带嫦娥四号探测器的长征三号乙运载火箭发射升空 嫦娥四号将 进军 月球背面 实现人类历史上第一个在月球背面留下的 足迹 如图所示 是在月球上看到的 地出 现象 在月球上看到的 地出 现象是以 为参照物,,6
84,2,有两个测量数据分别为28 4厘米和50 30厘米 试判断 第一个数据测量时所用工具的分度值是 准确值是 估计值是 第二个数据测量时所用的工具的分度值是 准确值是 估计值是,,7
85,2,晶体都有一定的熔化温度 叫做 非晶体 熔点,,2
86,3,物理学中把具有流动性的液体和气体统称为流体 当流体处于流动状态时 其内部各处的压强有什么规律呢 小李同学将图11 a 所示的玻璃管装置接到水流稳定的自来水管上 当水在玻璃管中 流动时 可看到两个竖直管中液面的{度并不相同 从图中可以看出a b两处管的粗细不 同 因而a处流速小 b处流速大 可见流体的压强与流速之间有着一定的关系 接着 小明又自制了一个飞机机翼模型 如图11 b 将其固定在托盘测力计上 在模 型的正前方用电扇迎面吹风来模拟飞机飞行时的气流 1 由图 a 的实验现象 得出流体压强与流速之间的初步结论是 2 在图 b 所示的实验中 电扇没有吹风时 托盘测力计示数等于机翼模型的重力大小 当电扇转动后 发现托盘测力计的示数减小了 请用上述实验结论 原因 3 下列情形中 能够运用上述实验结论进行解释的是 选填序号 a 将氢气球放手后 它会飘向空中 b 地铁站台上 人必须在瞀戒线外候车 c 船舶航行时应避免两艘靠近的船并排前进,,18
87,2,如图所示是小明同学设计的一个气体温度计的示意图 瓶中装的是气体 瓶塞不漏气 弯管中间有一段液柱 这个温度计是根据气体的 来测量温度的 若将瓶放到冰水混合物中 液柱在a处 b c是与a点相差2摄氏度的两点 则a处的温度是 b处的温度比a处 填高或低,,1
88,2,如图所示是我们实验用的天平 放在水平工作台面上 砝码盒中配备的砝码有50 g 20 g 10 g 5 g等 现有一质量待测的物体 估计其质量在30 g左右 请将以下实验操作补充完整 1 把游码移到标尺的 观察指针的偏转情况 通过调节 使天平横梁平衡 2 把物体放入左盘 用镊子夹取 g g砝码各一个放入右盘中 若指针右偏 则应取下 g砝码 加上 g砝码 同时调节游码 直到天平平衡 3 将右盘中砝码的质量与标尺上游码所对应的质量值相加 即得待测物体的质量,,4
89,4,4月16日 海南自主研发的地效翼船在海口桂林洋海域首次实现双船试飞 据了解 地效翼船俗称会飞的船 停在水面像船 起飞后则像飞机 此次试飞的cyg-11型翼船某型号飞行器的总质量为1 0*10 <sub> 3 < sub> t 最大飞行速度为720km h 百公里耗油28升 飞行器飞行时 机翼上方气流比下方气流的流速 飞行器飞行时 将燃料的 能转化为飞行器的 能 飞行器以最大速度飞行1440km 需要 h,,18
90,4,如图是某种晶体加热时 温度随时间变化的图象 加热在一标准大气压下进行 每分钟供热不变 根据图象可知 这种晶体的熔点是 液态名称是 加热 钟物体处于 状态 加热 钟时 此物质的温度是 此时进行的物态变化是 这种晶体熔化经历了 分钟,,3
91,4,一装卸工人用如图所示的滑轮组匀速提升质量为80kg的货物 所用的拉力 f 为500n 货物在50s内被匀速提升2m 求 img 1 提升前货物静止在地面上 与地面的接触面积为0 04O 求货物对地面的压强 2 滑轮组的机械效率 3 拉力做功的功率 4 若不计绳重和摩擦 则动滑轮有多重,,15
92,6,如图所示 建筑工人将绳的一端固定在砖上 绳的另一端系上重锤 用来检查墙壁是否竖直 重锤静止时 与重锤的重力相平衡的力是,砖对绳的拉力 绳对砖的拉力重锤对绳的拉力 绳对重锤的拉力,10
93,6,下列说法中正确的是,称量物体质量的过程中 若天平横梁不平衡 可调节平衡螺母 用托盘天平不能直接测出一枚大头针的质量 是因为一枚大头针的质量大于托盘天平的分度值 使用托盘天平称量时 左盘放砝码 右盘放物体 用托盘天平称量物体质量时 若砝码磨损 则测量值将偏大,4
94,3,某小组测量牛奶密度的实验步骤如下 ①用已调好的天平测量出空烧杯的质量m <sub> 1 </sub> =20g ②取适量牛奶作为样品倒入烧杯 用天平测量烧杯和牛奶的总质量m <sub> 2 </sub> 砝码和游码在标尺上的位置如图甲所示 ③将烧杯中的牛奶倒入量筒中 读出图乙量筒中牛奶的体积v 用这种方法测得牛奶样品的质量m= g 密度ρ= g/cm <sub> 3 </sub> 这个密度比真实值要偏 选填 大 或 小 现要求更精确的测量牛奶的密度 请你在步骤③后增加一步 并写出用测量的量表示牛奶密度的表达式 增加的步骤 密度的表达式,,5
95,6,下列物体中不属于光源的是,萤火虫 水母 月亮 宇宙中的恒星,23
96,2,在探究凸透镜成像规律的实验中 由图可知凸透镜的焦距为 cm 当烛焰距凸透镜30cm时 移动光屏 可在光屏上得到一个倒立 的实像,,27
97,5,在弹簧测力计下悬挂一个金属零件 示数是2 7n 当把零件浸没在水中时 弹簧测力计的示数是1 7n 现把该零件浸没在另一种液体中时 弹簧测力计的示数是1 9n 求 1 该零件浸没在水中时受到的浮力f <sub> 浮 < sub> 2 该金属零件的密度ρ <sub> 金 < sub> 3 另一种液体的密度ρ <sub> 液 < sub>,,19
98,2,小芳在爷爷家看到爷爷的眼镜很漂亮 于是她拿着眼镜靠近 早餐饼干 的包装盒 看到如右图的情景 据此小芳知道爷爷 是 选填近 远 视眼 爷爷如不戴此眼镜会因为成的像在视网膜的 选填前 后 方而看不清物体 此时包装盒上的字一定位于此眼镜镜片的焦点以 选填内 外,,28
99,2,2014年4月 我国首架具有完全自主知识产权的arj21新型涡扇支线飞机首次飞越 国门 圆满完成自然结冰试飞并实现3万公里环球飞行 飞机结冰是指飞机机体表面某些部位聚集冰层的现象 它主要由云中过冷水滴或降雨中的过冷雨水碰到飞机机体后 形成的 也可由水蒸气直接在机体表面 而成 填写物态变化名称,,2
100,6,关于摩擦力 下列说法中正确的是,两个物体相互接触时 它们之间一定有摩擦力 滚动摩擦力比滑动摩擦力小 物体质量越大 受到的摩擦力越大 摩擦力都是有害的,13
